                  epoch,         train/box_loss,         train/cls_loss,         train/dfl_loss,   metrics/precision(B),      metrics/recall(B),       metrics/mAP50(B),    metrics/mAP50-95(B),           val/box_loss,           val/cls_loss,           val/dfl_loss,                 lr/pg0,                 lr/pg1,                 lr/pg2
                      1,                 3.9836,                 4.3177,                 4.2706,                 0.0014,                   0.32,                 0.0035,                0.00085,                 3.9089,                  4.427,                 4.1577,                 0.0002,                 0.0002,                 0.0002
                      2,                  3.748,                 4.0659,                 4.1945,                0.00144,                   0.32,                0.00299,                0.00077,                 3.9064,                 4.4263,                  4.155,             0.00033684,             0.00033684,             0.00033684
                      3,                 3.6673,                 3.8452,                   4.15,                0.00128,                    0.3,                0.00223,                0.00106,                  3.902,                 4.4023,                 4.1501,             0.00038656,             0.00038656,             0.00038656
                      4,                 3.5811,                 3.7021,                 4.0829,                0.00124,                    0.3,                  0.002,                0.00071,                 3.8965,                 4.3664,                 4.1459,             0.00034916,             0.00034916,             0.00034916
                      5,                 3.6244,                 3.6754,                 3.9935,                0.00124,                    0.3,                0.00371,                0.00087,                 3.9025,                 4.3208,                 4.1507,             0.00022464,             0.00022464,             0.00022464
