                  epoch,         train/box_loss,         train/cls_loss,         train/dfl_loss,   metrics/precision(B),      metrics/recall(B),       metrics/mAP50(B),    metrics/mAP50-95(B),           val/box_loss,           val/cls_loss,           val/dfl_loss,                 lr/pg0,                 lr/pg1,                 lr/pg2
                      1,                 2.9943,                 3.6084,                 3.5325,                0.06443,                   0.18,                0.04695,                0.01069,                 2.6662,                 5.7171,                 3.1382,              0.0004755,              0.0004755,              0.0004755
                      2,                 2.2402,                 2.8977,                 2.5854,                0.36521,                   0.34,                0.22774,                0.07215,                 2.2122,                 3.7809,                 2.6426,             0.00093298,             0.00093298,             0.00093298
                      3,                 2.0677,                  2.677,                 2.3601,                0.55931,                   0.48,                0.44682,                0.19315,                  1.883,                 3.0558,                 2.4308,              0.0013716,              0.0013716,              0.0013716
